{"assets/icon/icon.png":["assets/icon/icon.png"],"assets/images/emppty_slide.png":["assets/images/emppty_slide.png"],"assets/images/error.png":["assets/images/error.png"],"assets/images/no-element.png":["assets/images/no-element.png"],"assets/images/qr-code.png":["assets/images/qr-code.png"],"assets/images/tinitz-logo.png":["assets/images/tinitz-logo.png"],"packages/cupertino_icons/assets/CupertinoIcons.ttf":["packages/cupertino_icons/assets/CupertinoIcons.ttf"],"packages/wakelock_web/assets/no_sleep.js":["packages/wakelock_web/assets/no_sleep.js"]}